MutationType	SBS1	SBS5	SBS88	SBS89
A[C>A]A	0.000876022635356003	0.0120520477511521	1.0042677242104e-18	0.0322967818378009
A[C>A]C	0.00222011996660382	0.00933708676583284	9.89029641848404e-19	0.017494551355225
A[C>A]G	0.000179726789406941	0.0019081396861478	1.03135539201492e-18	0.00997117703544483
A[C>A]T	0.0012650524935993	0.00663587148274771	0.00173775710441561	0.0208175340592878
A[C>G]A	0.00183905469260169	0.0101438068572197	1.0042677242104e-18	0.0148760933369534
A[C>G]C	0.00118795921131966	0.00563785959377619	0.00399492611248046	0.00581698622032775
A[C>G]G	0.000116771499441264	0.00177405419468876	1.03135539201492e-18	0.00623847176633733
A[C>G]T	0.00112668720727411	0.0101395313125192	0.00405476657696975	0.0109394225853302
A[C>T]A	0.0247184825041428	0.0327413973951682	0.0104309401997641	0.0500965408402497
A[C>T]C	0.00615401710821483	0.017704858310102	9.89029641848404e-19	0.0133696021792526
A[C>T]G	0.37062395750626	0.00637421797859102	0.013092797831426	0.00629524792800383
A[C>T]T	0.0094681302675427	0.0220861088135626	1.00384443228395e-18	0.0297418431110252
A[T>A]A	0.000783811669183491	0.00734473213281315	0.0476616462845083	0.0114571080883654
A[T>A]C	0.00220131441832612	0.00694877544560155	0.0237208499998007	0.00307488198756131
A[T>A]G	0.00111728026558637	0.00907925282782839	0.000574416071769513	0.0106190785002973
A[T>A]T	0.000179455134101234	0.00617583229361831	0.0425311245493608	0.0044295559630845
A[T>C]A	0.00106794293395692	0.0459792194076382	0.110827683229293	0.0157012451414162
A[T>C]C	0.00300089416416766	0.0134363056163386	0.0457060281951242	0.00346150817196551
A[T>C]G	0.000103887676461891	0.0380293285290771	0.00631857678946464	0.0146195057140882
A[T>C]T	0.00562882727598378	0.0381507079354382	0.168975011413616	0.0117618203305706
A[T>G]A	0.000168519969282084	0.00384155366296189	0.00803931415484609	0.00521091791259975
A[T>G]C	0.000204337495775183	0.00260704417872497	0.00520701541343144	0.00130329670035799
A[T>G]G	0.000262659371435846	0.00790452494001726	0.00229766428707805	0.00508575381382637
A[T>G]T	0.000109830871771167	0.00481117257712523	0.00747168451355194	0.00397721916017817
C[C>A]A	0.000305025887817277	0.00737852087309654	9.9300264214763e-19	0.0244917359307641
C[C>A]C	0.00173825906507983	0.00605658251037459	9.86345743113752e-19	0.0143121309821491
C[C>A]G	9.19381669024736e-05	0.0034676157668471	1.00213164831291e-18	0.00329593265930105
C[C>A]T	2.17983414690651e-16	0.00644522714310415	9.93032444852408e-19	0.0166122906135585
C[C>G]A	2.35571418384464e-05	0.00691177729162206	0.00458397029287212	0.0153130538634221
C[C>G]C	7.45668066779931e-05	0.00894677579301263	0.0011383100590638	0.0104704738704716
C[C>G]G	0.000347295439013076	0.00249548071082349	1.00213164831291e-18	0.00417751994587187
C[C>G]T	2.17983414690651e-16	0.00946425495743953	0.00286506741891482	0.0157187419237733
C[C>T]A	0.00195529653370313	0.0192655871222167	9.9300264214763e-19	0.00937541335108018
C[C>T]C	0.000262195533981493	0.018741868689725	9.86345743113752e-19	0.0113978435531179
C[C>T]G	0.193380701247738	0.0175385200543739	1.00213164831291e-18	0.00233811727160758
C[C>T]T	0.000191625016586914	0.02294063997723	0.00401109438648075	0.012792776717064
C[T>A]A	4.22572266870015e-05	0.00353435964486349	9.9833750187526e-19	0.0314912769142866
C[T>A]C	0.000387449064619025	0.00519741048269936	0.00346690723751895	0.0177286748867753
C[T>A]G	0.000318464901822308	0.00500210537475065	9.98355047816622e-19	0.0368032720652438
C[T>A]T	0.000257225975767313	0.00432123657399006	1.00486910808012e-18	0.0200389978802278
C[T>C]A	2.19147943051194e-16	0.013278809833828	9.9833750187526e-19	0.00488007971066537
C[T>C]C	0.00246468743209162	0.0104148495221721	0.00173345361875948	0.00422042299851008
C[T>C]G	0.000353850546075992	0.0207672249097644	9.98355047816622e-19	0.00808188470414655
C[T>C]T	4.21380316085906e-05	0.0149735882033844	1.00486910808012e-18	0.00433347511469162
C[T>G]A	3.48867801718268e-05	0.00258587329949052	9.9833750187526e-19	0.0068895440822489
C[T>G]C	0.000209005838053499	0.00461658233627053	0.0023112714916793	0.00322325883363502
C[T>G]G	0.000125813767719868	0.00612034050842745	0.00230433922664727	0.00901264493650305
C[T>G]T	0.000169175294507447	0.00733605278840172	1.00486910808012e-18	0.00419897719311928
G[C>A]A	0.00155626922147895	0.0102053005328143	0.0086594088900298	0.00678308336647445
G[C>A]C	0.000329319017514006	0.00754877760358073	9.86699943126294e-19	0.005943841177567
G[C>A]G	0.000582767956470667	0.00235977950190058	0.000581871221234086	0.00169352794113477
G[C>A]T	2.18503963414352e-16	0.00678912449760995	0.00344629110817796	0.00720185735642255
G[C>G]A	9.44428951450573e-06	0.00468243200917363	1.00045033621121e-18	0.00652303464086098
G[C>G]C	0.000159316549058588	0.00501278303610328	0.00170807824494581	0.00452804895480796
G[C>G]G	0.000164802796514533	0.00152276369567089	0.000581871221234086	0.00209674911952179
G[C>G]T	2.18503963414352e-16	0.00668957721758634	0.00689258321175974	0.00568864403267563
G[C>T]A	0.00437331564012851	0.0194100824062686	0.000577293859305298	0.00685479287248403
G[C>T]C	9.01339138361935e-05	0.0213141965735466	9.86699943126294e-19	0.00841338206712627
G[C>T]G	0.216428400877268	0.0124039691766569	0.00640058343357495	0.00189513903437365
G[C>T]T	3.76257945969108e-05	0.0185157950800627	0.00344629110817796	0.00918078669199618
G[T>A]A	7.93353850531457e-05	0.00364293910004583	9.92557680812643e-19	0.00576553983045269
G[T>A]C	0.000126346129110188	0.00289509444674431	0.00516634694505682	0.00250738747922898
G[T>A]G	0.000242933029009487	0.00412278370053311	0.00289394347320311	0.0091575387001743
G[T>A]T	0.000257267715644762	0.00326151193987873	0.0151952478758708	0.00392344179737148
G[T>C]A	0.00102607032866284	0.013996034047497	9.92557680812643e-19	0.00501077453253712
G[T>C]C	0.00186091025596109	0.00789932986499993	0.00344423129670455	0.00163586217204998
G[T>C]G	0.001155411934496	0.0150466568446728	0.000578788694640622	0.00727969126263798
G[T>C]T	7.10849543316754e-05	0.013876620136181	0.0134419501609036	0.0041101256871968
G[T>G]A	2.17879197867629e-16	0.00250141867360095	9.92557680812643e-19	0.0126625801515319
G[T>G]C	2.18373365923688e-16	0.00170124106664356	0.00172211564835227	0.0012632043406944
G[T>G]G	0.000343661117292435	0.00531648506394781	0.00289394347320311	0.0486162204000612
G[T>G]T	1.45559654031201e-05	0.0023802959809674	0.0134419501609036	0.00381708683895347
T[C>A]A	6.5053431264588e-05	0.00789481219128163	1.00435943722902e-18	0.0158040534248751
T[C>A]C	0.00249718030558195	0.00919383256439483	0.00231397443715749	0.0168223568380408
T[C>A]G	2.23875147712296e-16	0.00234586923935908	0.00058850109539343	0.00198809968832789
T[C>A]T	5.83816953698747e-06	0.0128108537635617	0.0104765472617676	0.0188704968646808
T[C>G]A	2.20469835440777e-16	0.00784459073968314	1.00435943722902e-18	0.0225630777349436
T[C>G]C	0.000200366614985774	0.00761975217986922	1.00252950309578e-18	0.0166282010860942
T[C>G]G	6.96723553866967e-05	0.0017441027823061	0.00058850109539343	0.00371111955415566
T[C>G]T	0.00154917715147316	0.01260910704196	0.00407421243176459	0.0262982752808299
T[C>T]A	0.00109760067218316	0.0203899103536143	1.00435943722902e-18	0.00950816773492403
T[C>T]C	3.68096039075306e-05	0.0230597773366143	1.00252950309578e-18	0.010567697671852
T[C>T]G	0.110451301887841	0.0162170970661512	0.00941601854616737	0.00248848462639144
T[C>T]T	2.21413572576226e-16	0.0211833008394232	1.00865867071081e-18	0.00956156851240226
T[T>A]A	0.00652536265954244	0.00622389881943167	0.0210574724102462	0.0069904797913268
T[T>A]C	2.23419047165811e-16	0.00421396200543044	1.0177946929977e-18	0.00322009182518433
T[T>A]G	2.77363947956318e-05	0.00482061485355542	0.00406477276692293	0.0101232937833015
T[T>A]T	0.00222100502164409	0.00877350260740712	0.0746321602874594	0.00636532171774886
T[T>C]A	0.00024761390900233	0.0177543874762146	0.00398384575847873	0.00741177916019113
T[T>C]C	0.003396974401693	0.00988347127360618	0.00234920857151693	0.00260158014539626
T[T>C]G	0.000412156883149918	0.0127811719126791	1.00632167921844e-18	0.00874296311394412
T[T>C]T	0.00427420190667546	0.0185496922299759	0.0966168278921257	0.0068055363040734
T[T>G]A	2.16502584671409e-16	0.00514877208200211	0.0301634055724833	0.0067693996983964
T[T>G]C	5.52035403535255e-05	0.00667719583469171	0.0211428791792417	0.0029802711898564
T[T>G]G	0.000577613393375618	0.00698435638490076	1.00632167921844e-18	0.0050676413221251
T[T>G]T	2.20087246673426e-16	0.0135362621686004	0.102402266207766	0.00570301874081772
